Dependency,URL
pywarder,https://github.com/stefanfluit/PyWarden
pywarder,https://github.com/stefanfluit/PyWarden/issues
pywarder,https://github.com/topics/bitwarden-cli%3Fo%3Dasc%26s%3Dupdated
pywarder,https://github.com/topics/bitwarden-cli%3Fl%3Dpython
pywarder,https://github.com/topics/bitwarden%3Fl%3Dpython%26o%3Dasc%26s%3Dforks
pywarder,https://github.com/topics/bitwarden-ansible
pywarder,https://github.com/stefanfluit
pywarder,https://github.com/topics/bitwarden-ansible%3Fl%3Dpython
pyward,https://github.com/darrenburns/ward
pyward,https://github.com/scikit-learn/scikit-learn/blob/master/doc/modules/clustering.rst
pyward,https://github.com/iglesias/tapkee_benchmarks/blob/master/scikit-learn/doc/modules/clustering.rst
pyward,https://github.com/darrenburns/ward/issues/173
pyward,https://github.com/Nunnito/PyWardBot
pythoncryptographypackage,https://github.com/topics/python-cryptography
pythoncryptographypackage,https://github.com/pyca/cryptography
pythoncryptographypackage,https://github.com/operator-framework/operator-sdk/issues/6302
pythoncryptographypackage,https://github.com/pyca/cryptography/blob/main/CHANGELOG.rst
pythoncryptographypackage,https://github.com/openwrt/packages/blob/master/lang/python/python-cryptography/Makefile
pythoncryptographypackage,https://github.com/pyca/cryptography/issues/9104
pythoncryptographypackage,https://github.com/pycrypto/pycrypto
pythoncryptographypackage,https://github.com/pyca
pythoncryptographypackage,https://github.com/paramiko/paramiko/issues/2041
pycryptv1,https://github.com/Corruption13/Pycrypt
pythoncolourlibrary,https://github.com/vaab/colour
pythoncolourlibrary,https://github.com/colour-science/colour
